{"accuracy": [0.30137932300567627, 0.4434482753276825, 0.5186206698417664, 0.656551718711853, 0.7468965649604797, 0.7572413682937622, 0.8034482598304749, 0.7544827461242676, 0.817931056022644, 0.8462069034576416], "loss": [2.3466055393218994, 1.3813905715942383, 1.2360652685165405, 0.9089329242706299, 0.7310292720794678, 0.7079304456710815, 0.5780407786369324, 0.7054523825645447, 0.4905439615249634, 0.44141367077827454], "val_accuracy": [0.5211726427078247, 0.4560260474681854, 0.6026058793067932, 0.7654722929000854, 0.7589576840400696, 0.8403908610343933, 0.6807817816734314, 0.8697068691253662, 0.8273615837097168, 0.8729641437530518], "val_loss": [1.3347364664077759, 1.275130271911621, 1.0438520908355713, 0.6437588334083557, 0.6995148062705994, 0.4639025330543518, 1.227884292602539, 0.3932672441005707, 0.4863610863685608, 0.3532314598560333]}